report_sha256,drawing_number,drawing_id,plan_id,position,event_order,event_name,league,league_status,league_missing_reason,actual_outcome,excluded_as_void,sports_covered,sports_fallback_reason,bk_probability_1,bk_probability_X,bk_probability_2,sports_probability_1,sports_probability_X,sports_probability_2,bk_top_correct,sports_top_correct,bk_actual_rank,bk_probability_margin,bk_normalized_entropy
94ab5d0641f23ba4a25f16830b4536cac4c4bdf8e916a83cc519ccf2e25a1189,4990,12077,5708c4b517c0f1e3,1,0,Тоттенхэм — Ньюкасл,Англия. Премьер-Лига,MAPPED_EXACT,,2,False,True,,0.4444444444444444,0.25252525252525254,0.30303030303030304,0.4529005671375447,0.2519584829366981,0.2951409499257573,False,False,2,0.14141414141414138,0.9737233944097116
94ab5d0641f23ba4a25f16830b4536cac4c4bdf8e916a83cc519ccf2e25a1189,4990,12077,5708c4b517c0f1e3,2,1,Блэкберн Роверс — Куинз Парк Рейнджерс,Англия. Чемпионшип,MAPPED_EXACT,,2,False,False,sports_history_missing,0.35,0.28,0.37,0.35,0.28,0.37,True,True,1,0.020000000000000018,0.9937459149150215
94ab5d0641f23ba4a25f16830b4536cac4c4bdf8e916a83cc519ccf2e25a1189,4990,12077,5708c4b517c0f1e3,3,2,Кардифф Сити — Шеффилд Юнайтед,Англия. Чемпионшип,MAPPED_EXACT,,X,False,True,,0.33,0.26,0.41,0.32374960836873196,0.2597965914206336,0.4164538002106345,False,False,3,0.07999999999999996,0.9845630297665168
94ab5d0641f23ba4a25f16830b4536cac4c4bdf8e916a83cc519ccf2e25a1189,4990,12077,5708c4b517c0f1e3,4,3,Норвич — Бернли,Англия. Чемпионшип,MAPPED_EXACT,,1,False,True,,0.45454545454545453,0.26262626262626265,0.2828282828282828,0.4613147736719198,0.2622908773903967,0.2763943489376835,True,True,1,0.1717171717171717,0.9709661294726363
94ab5d0641f23ba4a25f16830b4536cac4c4bdf8e916a83cc519ccf2e25a1189,4990,12077,5708c4b517c0f1e3,5,4,Болтон — Линкольн Сити,Англия. Чемпионшип,MAPPED_EXACT,,2,False,True,,0.38,0.29,0.33,0.38664921121747037,0.28351016396536677,0.32984062481716286,False,False,2,0.04999999999999999,0.994458345843335
94ab5d0641f23ba4a25f16830b4536cac4c4bdf8e916a83cc519ccf2e25a1189,4990,12077,5708c4b517c0f1e3,6,5,Унион Берлин — Айнтрахт Франкфурт,Германия. Бундеслига,MAPPED_EXACT,,X,False,True,,0.36,0.26,0.38,0.35564189460824697,0.2576634304222607,0.38669467496949234,False,False,3,0.020000000000000018,0.9882608621450383
94ab5d0641f23ba4a25f16830b4536cac4c4bdf8e916a83cc519ccf2e25a1189,4990,12077,5708c4b517c0f1e3,7,6,Кельн — Хоффенхайм,Германия. Бундеслига,MAPPED_EXACT,,1,False,True,,0.32,0.26,0.42,0.32422521864872494,0.255467520149861,0.42030726120141404,False,False,2,0.09999999999999998,0.9823377807251227
94ab5d0641f23ba4a25f16830b4536cac4c4bdf8e916a83cc519ccf2e25a1189,4990,12077,5708c4b517c0f1e3,8,7,Леванте — Бетис,Испания. Ла Лига,MAPPED_EXACT,,1,False,True,,0.29,0.28,0.43,0.29991647174482955,0.2722773703947623,0.4278061578604081,False,False,2,0.14,0.9815301483674603
94ab5d0641f23ba4a25f16830b4536cac4c4bdf8e916a83cc519ccf2e25a1189,4990,12077,5708c4b517c0f1e3,9,8,Монца — Удинезе,Италия. Серия A,MAPPED_EXACT,,2,False,True,,0.31,0.31,0.38,0.31644841234426857,0.306932808256995,0.3766187793987365,True,True,1,0.07,0.9956336642086434
94ab5d0641f23ba4a25f16830b4536cac4c4bdf8e916a83cc519ccf2e25a1189,4990,12077,5708c4b517c0f1e3,10,9,Сассуоло — Торино,Италия. Серия A,MAPPED_EXACT,,1,False,True,,0.42,0.29,0.29,0.416618884052628,0.2867587423153393,0.2966223736320327,True,True,1,0.13,0.9851677212067753
94ab5d0641f23ba4a25f16830b4536cac4c4bdf8e916a83cc519ccf2e25a1189,4990,12077,5708c4b517c0f1e3,11,10,Локомотив Москва — Динамо Москва,Россия. Премьер Лига,MAPPED_EXACT,,2,False,True,,0.28,0.25,0.47,0.2849376465227733,0.24953245803258953,0.46552989544463713,True,True,1,0.18999999999999995,0.962909850026115
94ab5d0641f23ba4a25f16830b4536cac4c4bdf8e916a83cc519ccf2e25a1189,4990,12077,5708c4b517c0f1e3,12,11,Арсенал Тула — Урал,Россия. 1-я лига,MAPPED_EXACT,,X,False,True,,0.29292929292929293,0.29292929292929293,0.41414141414141414,0.2984571096640588,0.2920580259974186,0.40948486433852266,False,False,2,0.12121212121212122,0.9870786090558895
94ab5d0641f23ba4a25f16830b4536cac4c4bdf8e916a83cc519ccf2e25a1189,4990,12077,5708c4b517c0f1e3,13,12,Текстильщик — Велес,Россия. 1-я лига,MAPPED_EXACT,,2,False,True,,0.3,0.31,0.39,0.3053534334201739,0.310223245875456,0.3844233207043701,True,True,1,0.08000000000000002,0.9935132779478901
94ab5d0641f23ba4a25f16830b4536cac4c4bdf8e916a83cc519ccf2e25a1189,4990,12077,5708c4b517c0f1e3,14,13,Страсбур — Ланс,Франция. Лига 1,MAPPED_EXACT,,1,False,True,,0.25,0.26,0.49,0.24850660891520568,0.2581068066732893,0.493386584411505,False,False,3,0.22999999999999998,0.9524326230501068
94ab5d0641f23ba4a25f16830b4536cac4c4bdf8e916a83cc519ccf2e25a1189,4990,12077,5708c4b517c0f1e3,15,14,Брест — Тулуза,Франция. Лига 1,MAPPED_EXACT,,X,False,True,,0.36,0.28,0.36,0.35677389604122833,0.28239664974700174,0.3608294542117699,False,False,3,0.0,0.9939987916706561
94ab5d0641f23ba4a25f16830b4536cac4c4bdf8e916a83cc519ccf2e25a1189,4991,12081,a4cd1d2529e9a211,1,0,Лидс — Брентфорд,Англия. Премьер-Лига,MAPPED_EXACT,,X,False,False,sports_history_missing,0.34,0.28,0.38,0.34,0.28,0.38,False,False,3,0.03999999999999998,0.9929868938532104
94ab5d0641f23ba4a25f16830b4536cac4c4bdf8e916a83cc519ccf2e25a1189,4991,12081,a4cd1d2529e9a211,2,1,Сандерленд — Фулхэм,Англия. Премьер-Лига,MAPPED_EXACT,,1,False,False,sports_history_missing,0.43,0.29,0.28,0.43,0.29,0.28,True,True,1,0.14,0.9815301483674603
94ab5d0641f23ba4a25f16830b4536cac4c4bdf8e916a83cc519ccf2e25a1189,4991,12081,a4cd1d2529e9a211,3,2,Аугсбург — Шальке 04,Германия. Бундеслига,MAPPED_EXACT,,1,False,False,sports_history_missing,0.43434343434343436,0.2727272727272727,0.29292929292929293,0.43434343434343436,0.2727272727272727,0.29292929292929293,True,True,1,0.14141414141414144,0.9796204715268709
94ab5d0641f23ba4a25f16830b4536cac4c4bdf8e916a83cc519ccf2e25a1189,4991,12081,a4cd1d2529e9a211,4,3,Депортиво Ла-Корунья — Валенсия,Испания. Ла Лига,MAPPED_EXACT,,1,False,False,sports_history_missing,0.37,0.32,0.31,0.37,0.32,0.31,True,True,1,0.04999999999999999,0.9972208096740016
94ab5d0641f23ba4a25f16830b4536cac4c4bdf8e916a83cc519ccf2e25a1189,4991,12081,a4cd1d2529e9a211,5,4,Сельта — Атлетик Бильбао,Испания. Ла Лига,MAPPED_EXACT,,2,False,False,sports_history_missing,0.35,0.3,0.35,0.35,0.3,0.35,True,True,1,0.0,0.9976834773764092
94ab5d0641f23ba4a25f16830b4536cac4c4bdf8e916a83cc519ccf2e25a1189,4991,12081,a4cd1d2529e9a211,6,5,Кадис — Вальядолид,Испания. Ла Лига 2,MAPPED_EXACT,,X,False,False,sports_history_missing,0.36363636363636365,0.31313131313131315,0.32323232323232326,0.36363636363636365,0.31313131313131315,0.32323232323232326,False,False,3,0.04040404040404039,0.9980730012345865
94ab5d0641f23ba4a25f16830b4536cac4c4bdf8e916a83cc519ccf2e25a1189,4991,12081,a4cd1d2529e9a211,7,6,Наполи — Комо,Италия. Серия A,MAPPED_EXACT,,2,False,False,sports_history_missing,0.37373737373737376,0.31313131313131315,0.31313131313131315,0.37373737373737376,0.31313131313131315,0.31313131313131315,False,False,2,0.06060606060606061,0.9967183498157439
94ab5d0641f23ba4a25f16830b4536cac4c4bdf8e916a83cc519ccf2e25a1189,4991,12081,a4cd1d2529e9a211,8,7,Рубин — Динамо Махачкала,Россия. Премьер Лига,MAPPED_EXACT,,1,False,False,sports_history_missing,0.41,0.31,0.28,0.41,0.31,0.28,True,True,1,0.09999999999999998,0.9876572049956985
94ab5d0641f23ba4a25f16830b4536cac4c4bdf8e916a83cc519ccf2e25a1189,4991,12081,a4cd1d2529e9a211,9,8,ФК Париж — Ницца,Франция. Лига 1,MAPPED_EXACT,,1,False,False,sports_history_missing,0.48484848484848486,0.2828282828282828,0.23232323232323232,0.48484848484848486,0.2828282828282828,0.23232323232323232,True,True,1,0.20202020202020204,0.9532790461507288
94ab5d0641f23ba4a25f16830b4536cac4c4bdf8e916a83cc519ccf2e25a1189,4991,12081,a4cd1d2529e9a211,10,9,Монако — Марсель,Франция. Лига 1,MAPPED_EXACT,,1,False,False,sports_history_missing,0.42574257425742573,0.26732673267326734,0.3069306930693069,0.42574257425742573,0.26732673267326734,0.3069306930693069,True,True,1,0.1188118811881188,0.9819261398573798
94ab5d0641f23ba4a25f16830b4536cac4c4bdf8e916a83cc519ccf2e25a1189,4991,12081,a4cd1d2529e9a211,11,10,Антверпен — Сент-Труйден,Бельгия. Чемпионат,MAPPED_EXACT,,2,False,False,sports_history_missing,0.39,0.28,0.33,0.39,0.28,0.33,False,False,2,0.06,0.9917205524666002
94ab5d0641f23ba4a25f16830b4536cac4c4bdf8e916a83cc519ccf2e25a1189,4991,12081,a4cd1d2529e9a211,12,11,Вестерло — Зюлте-Варегем,Бельгия. Чемпионат,MAPPED_EXACT,,X,False,False,sports_history_missing,0.31683168316831684,0.25742574257425743,0.42574257425742573,0.31683168316831684,0.25742574257425743,0.42574257425742573,False,False,3,0.1089108910891089,0.9803682775245457
94ab5d0641f23ba4a25f16830b4536cac4c4bdf8e916a83cc519ccf2e25a1189,4991,12081,a4cd1d2529e9a211,13,12,Насьонал — Эштрела Амадора,Португалия. Чемпионат,MAPPED_EXACT,,2,False,False,sports_history_missing,0.40404040404040403,0.29292929292929293,0.30303030303030304,0.40404040404040403,0.29292929292929293,0.30303030303030304,False,False,2,0.101010101010101,0.9899926083695649
94ab5d0641f23ba4a25f16830b4536cac4c4bdf8e916a83cc519ccf2e25a1189,4991,12081,a4cd1d2529e9a211,14,13,Каса Пиа — Морейренсе,Португалия. Чемпионат,MAPPED_EXACT,,2,False,False,sports_history_missing,0.35,0.3,0.35,0.35,0.3,0.35,True,True,1,0.0,0.9976834773764092
94ab5d0641f23ba4a25f16830b4536cac4c4bdf8e916a83cc519ccf2e25a1189,4991,12081,a4cd1d2529e9a211,15,14,Эюпспор — Аланьяспор,Турция. Супер Лига,MAPPED_EXACT,,1,False,False,sports_history_missing,0.29,0.31,0.4,0.29,0.31,0.4,False,False,3,0.09000000000000002,0.9908560021440825
94ab5d0641f23ba4a25f16830b4536cac4c4bdf8e916a83cc519ccf2e25a1189,4992,12083,1d837ebf02c14788,1,0,Осасуна — Хетафе,Испания. Ла Лига,MAPPED_EXACT,,1,False,True,,0.43564356435643564,0.33663366336633666,0.22772277227722773,0.435849742241355,0.33294315753814285,0.23120710022050223,True,True,1,0.09900990099009899,0.969812162532373
94ab5d0641f23ba4a25f16830b4536cac4c4bdf8e916a83cc519ccf2e25a1189,4992,12083,1d837ebf02c14788,2,1,Аталанта — Болонья,Италия. Серия A,MAPPED_EXACT,,1,False,True,,0.49504950495049505,0.26732673267326734,0.2376237623762376,0.4927842349588984,0.2648925430030222,0.24232322203807938,True,True,1,0.2277227722772277,0.9486777695688368
94ab5d0641f23ba4a25f16830b4536cac4c4bdf8e916a83cc519ccf2e25a1189,4992,12083,1d837ebf02c14788,3,2,Спартак Кострома — Ротор,Россия. 1-я лига,MAPPED_EXACT,,1,False,True,,0.37,0.32,0.31,0.375657674988319,0.31903599662609067,0.30530632838559035,True,True,1,0.04999999999999999,0.9972208096740016
94ab5d0641f23ba4a25f16830b4536cac4c4bdf8e916a83cc519ccf2e25a1189,4992,12083,1d837ebf02c14788,4,3,Скендербеу — Динамо Тирана,Албания. Чемпионат,MAPPED_EXACT,,2,False,True,,0.35,0.3,0.35,0.35535634153072343,0.2944161540954684,0.35022750437380823,True,False,1,0.0,0.9976834773764092
94ab5d0641f23ba4a25f16830b4536cac4c4bdf8e916a83cc519ccf2e25a1189,4992,12083,1d837ebf02c14788,5,4,Дунав Русе — Локомотив София,Болгария. Чемпионат,MAPPED_EXACT,,X,False,True,,0.27,0.28,0.45,0.27138955402605813,0.28439339982809303,0.44421704614584884,False,False,2,0.16999999999999998,0.9732995524904875
94ab5d0641f23ba4a25f16830b4536cac4c4bdf8e916a83cc519ccf2e25a1189,4992,12083,1d837ebf02c14788,6,5,Сегед — Казинцбарцика,Венгрия. 2-й дивизион,MAPPED_EXACT,,X,False,True,,0.37373737373737376,0.31313131313131315,0.31313131313131315,0.3658927794522983,0.3145600291498975,0.3195471913978043,False,False,2,0.06060606060606061,0.9967183498157439
94ab5d0641f23ba4a25f16830b4536cac4c4bdf8e916a83cc519ccf2e25a1189,4992,12083,1d837ebf02c14788,7,6,Джюгас Тельшяй — Хегельманн Литауэн,Литва. Чемпионат,MAPPED_EXACT,,X,False,True,,0.44,0.27,0.29,0.4416493795293669,0.2709975898895332,0.2873530305811,False,False,3,0.15000000000000002,0.9773557183203737
94ab5d0641f23ba4a25f16830b4536cac4c4bdf8e916a83cc519ccf2e25a1189,4992,12083,1d837ebf02c14788,8,7,Рапид Бухарест — Университатя Крайова,Румыния. Чемпионат,MAPPED_EXACT,,X,False,True,,0.33663366336633666,0.2871287128712871,0.37623762376237624,0.34345051143165023,0.2877565104595747,0.36879297810877515,False,False,3,0.039603960396039584,0.9945135111556375
94ab5d0641f23ba4a25f16830b4536cac4c4bdf8e916a83cc519ccf2e25a1189,4992,12083,1d837ebf02c14788,9,8,Бритон Ферри — Барри Таун,Уэльс. Премьер Лига,MAPPED_EXACT,,2,False,True,,0.28,0.27,0.45,0.2808553225124633,0.26635004571178295,0.4527946317757538,True,True,1,0.16999999999999998,0.9732995524904875
94ab5d0641f23ba4a25f16830b4536cac4c4bdf8e916a83cc519ccf2e25a1189,4992,12083,1d837ebf02c14788,10,9,ВПС — Лахти,Финляндия. Чемпионат,MAPPED_EXACT,,2,False,True,,0.48,0.26,0.26,0.46981659061531805,0.2594351061251481,0.2707483032595338,False,False,2,0.21999999999999997,0.9582848397385608
94ab5d0641f23ba4a25f16830b4536cac4c4bdf8e916a83cc519ccf2e25a1189,4992,12083,1d837ebf02c14788,11,10,Интер Турку — КуПС,Финляндия. Чемпионат,MAPPED_EXACT,,1,False,True,,0.44,0.29,0.27,0.43432332089836906,0.2916072411703861,0.2740694379312448,True,True,1,0.15000000000000002,0.9773557183203737
94ab5d0641f23ba4a25f16830b4536cac4c4bdf8e916a83cc519ccf2e25a1189,4992,12083,1d837ebf02c14788,12,11,Мариехамн — Яро,Финляндия. Чемпионат,MAPPED_EXACT,,1,False,True,,0.42,0.26,0.32,0.42499059671675005,0.25530573653691185,0.31970366674633816,True,True,1,0.09999999999999998,0.9823377807251227
94ab5d0641f23ba4a25f16830b4536cac4c4bdf8e916a83cc519ccf2e25a1189,4992,12083,1d837ebf02c14788,13,12,Оулу — СИК,Финляндия. Чемпионат,MAPPED_EXACT,,X,False,True,,0.45,0.28,0.27,0.4461888577571608,0.27959065502323005,0.2742204872196092,False,False,2,0.16999999999999998,0.9732995524904875
94ab5d0641f23ba4a25f16830b4536cac4c4bdf8e916a83cc519ccf2e25a1189,4992,12083,1d837ebf02c14788,14,13,Виль — Арау,Швейцария. 1-й дивизион,MAPPED_EXACT,,X,False,True,,0.2727272727272727,0.26262626262626265,0.46464646464646464,0.28397663283565766,0.2583144552297336,0.4577089119346087,False,False,3,0.19191919191919193,0.9663362179102994
94ab5d0641f23ba4a25f16830b4536cac4c4bdf8e916a83cc519ccf2e25a1189,4992,12083,1d837ebf02c14788,15,14,Сундсваль — Норрбю,Швеция. Суперэттан,MAPPED_EXACT,,1,False,True,,0.32,0.28,0.4,0.31411052768748005,0.27768151318046036,0.4082079591320597,False,False,2,0.08000000000000002,0.9899449185263031
94ab5d0641f23ba4a25f16830b4536cac4c4bdf8e916a83cc519ccf2e25a1189,4993,12086,bd649bfd70e5b165,1,0,Престон — Бристоль Сити,Англия. Чемпионшип,MAPPED_EXACT,,2,False,True,,0.33,0.28,0.39,0.32396284569058786,0.2799478511724534,0.3960893031369588,True,True,1,0.06,0.9917205524666002
94ab5d0641f23ba4a25f16830b4536cac4c4bdf8e916a83cc519ccf2e25a1189,4993,12086,bd649bfd70e5b165,2,1,Портсмут — Дерби Каунти,Англия. Чемпионшип,MAPPED_EXACT,,2,False,False,insufficient_venue_history,0.47,0.28,0.25,0.47,0.28,0.25,False,False,3,0.18999999999999995,0.962909850026115
94ab5d0641f23ba4a25f16830b4536cac4c4bdf8e916a83cc519ccf2e25a1189,4993,12086,bd649bfd70e5b165,3,2,Линкольн Сити — Блэкберн Роверс,Англия. Чемпионшип,MAPPED_EXACT,,X,False,False,sports_history_missing,0.41,0.28,0.31,0.41,0.28,0.31,False,False,3,0.09999999999999998,0.9876572049956985
94ab5d0641f23ba4a25f16830b4536cac4c4bdf8e916a83cc519ccf2e25a1189,4993,12086,bd649bfd70e5b165,4,3,Бирмингем Сити — Саутгемптон,Англия. Чемпионшип,MAPPED_EXACT,,X,False,True,,0.37,0.28,0.35,0.3664146384951711,0.27647538466916777,0.35710997683566115,False,False,3,0.020000000000000018,0.9937459149150215
94ab5d0641f23ba4a25f16830b4536cac4c4bdf8e916a83cc519ccf2e25a1189,4993,12086,bd649bfd70e5b165,5,4,Сток Сити — Норвич,Англия. Чемпионшип,MAPPED_EXACT,,1,False,True,,0.29,0.26,0.45,0.28795255842505046,0.2580485543112632,0.45399888726368626,False,False,2,0.16000000000000003,0.9726371951521047
94ab5d0641f23ba4a25f16830b4536cac4c4bdf8e916a83cc519ccf2e25a1189,4993,12086,bd649bfd70e5b165,6,5,Уиком Уондерерс — Шеффилд Уэнсдэй,Англия. 1-я Лига,MAPPED_EXACT,,2,False,False,sports_history_missing,0.3564356435643564,0.25742574257425743,0.38613861386138615,0.3564356435643564,0.25742574257425743,0.38613861386138615,True,True,1,0.02970297029702973,0.9871235853289969
94ab5d0641f23ba4a25f16830b4536cac4c4bdf8e916a83cc519ccf2e25a1189,4993,12086,bd649bfd70e5b165,7,6,Питерборо Юнайтед — Стивенидж,Англия. 1-я Лига,MAPPED_EXACT,,X,False,False,sports_history_missing,0.41,0.27,0.32,0.41,0.27,0.32,False,False,3,0.08999999999999997,0.9864209667962556
94ab5d0641f23ba4a25f16830b4536cac4c4bdf8e916a83cc519ccf2e25a1189,4993,12086,bd649bfd70e5b165,8,7,Бромли — Лейтон Ориент,Англия. 1-я Лига,MAPPED_EXACT,,2,False,True,,0.36363636363636365,0.2727272727272727,0.36363636363636365,0.35612788329109535,0.26947426030664395,0.37439785640226075,True,True,1,0.0,0.992215060722018
94ab5d0641f23ba4a25f16830b4536cac4c4bdf8e916a83cc519ccf2e25a1189,4993,12086,bd649bfd70e5b165,9,8,Флитвуд — Олдэм Атлетик,Англия. 2-я Лига,MAPPED_EXACT,,X,False,False,sports_history_missing,0.37,0.27,0.36,0.37,0.27,0.36,False,False,3,0.010000000000000009,0.9914214485665588
94ab5d0641f23ba4a25f16830b4536cac4c4bdf8e916a83cc519ccf2e25a1189,4993,12086,bd649bfd70e5b165,10,9,Суиндон Таун — Порт Вейл,Англия. 2-я Лига,MAPPED_EXACT,,1,False,True,,0.29,0.25,0.46,0.3001308864862092,0.24324037584139974,0.456628737672391,False,False,2,0.17000000000000004,0.9673662015727181
94ab5d0641f23ba4a25f16830b4536cac4c4bdf8e916a83cc519ccf2e25a1189,4993,12086,bd649bfd70e5b165,11,10,Парма — Кремонезе,Италия. Кубок,MAPPED_EXACT,,2,False,True,,0.45,0.28,0.27,0.443951655359942,0.2804495065328694,0.2755988381071886,False,False,3,0.16999999999999998,0.9732995524904875
94ab5d0641f23ba4a25f16830b4536cac4c4bdf8e916a83cc519ccf2e25a1189,4993,12086,bd649bfd70e5b165,12,11,Ростов — ЦСКА Москва,Россия. Кубок. Путь РПЛ,MAPPED_EXACT,,1,False,True,,0.33,0.27,0.4,0.3363058391874203,0.2698401325840815,0.3938540282284982,False,False,2,0.07,0.9884241842532838
94ab5d0641f23ba4a25f16830b4536cac4c4bdf8e916a83cc519ccf2e25a1189,4993,12086,bd649bfd70e5b165,13,12,НФК Волос — Каламата,Греция. Кубок,MAPPED_EXACT,,X,False,True,,0.37,0.29,0.34,0.3662940633160334,0.28834559986362823,0.3453603368203384,False,False,3,0.02999999999999997,0.995485122936348
94ab5d0641f23ba4a25f16830b4536cac4c4bdf8e916a83cc519ccf2e25a1189,4993,12086,bd649bfd70e5b165,14,13,Газль Эль-Махалла — ЕНППИ,Египет. Чемпионат,MAPPED_EXACT,,X,False,True,,0.37623762376237624,0.36633663366336633,0.25742574257425743,0.38168745569558915,0.36148586589076576,0.25682667841364515,False,False,2,0.00990099009900991,0.9876043822144436
94ab5d0641f23ba4a25f16830b4536cac4c4bdf8e916a83cc519ccf2e25a1189,4993,12086,bd649bfd70e5b165,15,14,Тала Аль Гаиш — ФК ЗЕД,Египет. Чемпионат,MAPPED_EXACT,,2,False,True,,0.26262626262626265,0.3434343434343434,0.3939393939393939,0.2708257975837654,0.3428220509491143,0.3863521514671203,True,True,1,0.0505050505050505,0.9877584460426612
94ab5d0641f23ba4a25f16830b4536cac4c4bdf8e916a83cc519ccf2e25a1189,4994,12089,a354758ef2aeb1cd,1,0,Миллуолл — Рексхэм,Англия. Чемпионшип,MAPPED_EXACT,,2,False,True,,0.41,0.29,0.3,0.41332408109626767,0.29029127343826205,0.29638464546547033,False,False,2,0.10999999999999999,0.9882746121116799
94ab5d0641f23ba4a25f16830b4536cac4c4bdf8e916a83cc519ccf2e25a1189,4994,12089,a354758ef2aeb1cd,2,1,Бернли — Мидлсбро,Англия. Чемпионшип,MAPPED_EXACT,,X,False,True,,0.3333333333333333,0.26262626262626265,0.40404040404040403,0.3374965498592089,0.2642871131046067,0.39821633703618453,False,False,3,0.07070707070707072,0.9862435352936425
94ab5d0641f23ba4a25f16830b4536cac4c4bdf8e916a83cc519ccf2e25a1189,4994,12089,a354758ef2aeb1cd,3,2,Барнсли — Блэкпул,Англия. 1-я Лига,MAPPED_EXACT,,1,False,True,,0.44,0.27,0.29,0.4418428520013273,0.26267947426965943,0.29547767372901335,True,True,1,0.15000000000000002,0.9773557183203737
94ab5d0641f23ba4a25f16830b4536cac4c4bdf8e916a83cc519ccf2e25a1189,4994,12089,a354758ef2aeb1cd,4,3,Лутон Таун — Стокпорт,Англия. 1-я Лига,MAPPED_EXACT,,1,False,True,,0.3465346534653465,0.26732673267326734,0.38613861386138615,0.3471770166903655,0.26486752960802135,0.38795545370161316,False,False,2,0.03960396039603964,0.9897589012747218
94ab5d0641f23ba4a25f16830b4536cac4c4bdf8e916a83cc519ccf2e25a1189,4994,12089,a354758ef2aeb1cd,5,4,Уиган Атлетик — Милтон Кинс Донс,Англия. 1-я Лига,MAPPED_EXACT,,1,False,False,sports_history_missing,0.4,0.27,0.33,0.4,0.27,0.33,True,True,1,0.07,0.9884241842532838
94ab5d0641f23ba4a25f16830b4536cac4c4bdf8e916a83cc519ccf2e25a1189,4994,12089,a354758ef2aeb1cd,6,5,Рединг — Мансфилд Таун,Англия. 1-я Лига,MAPPED_EXACT,,1,False,True,,0.47,0.25,0.28,0.4717721772659769,0.2448398765854703,0.2833879461485527,True,True,1,0.18999999999999995,0.962909850026115
94ab5d0641f23ba4a25f16830b4536cac4c4bdf8e916a83cc519ccf2e25a1189,4994,12089,a354758ef2aeb1cd,7,6,Широки Бриег — Сараево,Босния и Герцеговина. Чемпионат,MAPPED_EXACT,,2,False,True,,0.33663366336633666,0.3069306930693069,0.3564356435643564,0.34245953357045605,0.3030001227151088,0.35454034371443516,True,True,1,0.019801980198019764,0.9982947712167707
94ab5d0641f23ba4a25f16830b4536cac4c4bdf8e916a83cc519ccf2e25a1189,4994,12089,a354758ef2aeb1cd,8,7,АГФ Орхус — Мидтьюлланд,Дания. Суперлига,MAPPED_EXACT,,2,False,True,,0.3,0.26,0.44,0.29344453779921426,0.26381009428503255,0.4427453679157532,True,True,1,0.14,0.9763794231541455
94ab5d0641f23ba4a25f16830b4536cac4c4bdf8e916a83cc519ccf2e25a1189,4994,12089,a354758ef2aeb1cd,9,8,Эль Гуна — Аль Мокалун Аль-Араб,Египет. Чемпионат,MAPPED_EXACT,,2,False,False,sports_history_missing,0.35353535353535354,0.36363636363636365,0.2828282828282828,0.35353535353535354,0.36363636363636365,0.2828282828282828,False,False,3,0.01010101010101011,0.9945630065285461
94ab5d0641f23ba4a25f16830b4536cac4c4bdf8e916a83cc519ccf2e25a1189,4994,12089,a354758ef2aeb1cd,10,9,Абу Каир Семад — Аль-Иттихад Аль-Искандери,Египет. Чемпионат,MAPPED_EXACT,,2,False,True,,0.28,0.37,0.35,0.29151219760394814,0.3692759870112139,0.33921181538483797,False,False,2,0.020000000000000018,0.9937459149150215
94ab5d0641f23ba4a25f16830b4536cac4c4bdf8e916a83cc519ccf2e25a1189,4994,12089,a354758ef2aeb1cd,11,10,Сивасспор — Мардин ББ,Турция. 1-я Лига,MAPPED_EXACT,,X,False,True,,0.41,0.28,0.31,0.39841944182638545,0.2829012458218788,0.31867931235173574,False,False,3,0.09999999999999998,0.9876572049956985
94ab5d0641f23ba4a25f16830b4536cac4c4bdf8e916a83cc519ccf2e25a1189,4994,12089,a354758ef2aeb1cd,12,11,Зброевка Брно — Градец Кралове,Чехия. Чемпионат,MAPPED_EXACT,,1,False,True,,0.39,0.29,0.32,0.4012943538596029,0.286056921242808,0.3126487248975891,True,True,1,0.07,0.992916132157956
94ab5d0641f23ba4a25f16830b4536cac4c4bdf8e916a83cc519ccf2e25a1189,4994,12089,a354758ef2aeb1cd,13,12,Богемианс 1905 — Яблонец,Чехия. Чемпионат,MAPPED_EXACT,,X,False,False,insufficient_venue_history,0.37373737373737376,0.2828282828282828,0.3434343434343434,0.37373737373737376,0.2828282828282828,0.3434343434343434,False,False,3,0.03030303030303033,0.9940448444062154
94ab5d0641f23ba4a25f16830b4536cac4c4bdf8e916a83cc519ccf2e25a1189,4994,12089,a354758ef2aeb1cd,14,13,ФК Данди — Сент-Джонстон,Шотландия. Премьер-Лига,MAPPED_EXACT,,X,False,True,,0.36,0.27,0.37,0.3630787454151289,0.2603417013895112,0.3765795531953599,False,False,3,0.010000000000000009,0.9914214485665588
94ab5d0641f23ba4a25f16830b4536cac4c4bdf8e916a83cc519ccf2e25a1189,4994,12089,a354758ef2aeb1cd,15,14,Килмарнок — Сент-Миррен,Шотландия. Премьер-Лига,MAPPED_EXACT,,2,False,True,,0.33,0.27,0.4,0.32869578238190217,0.2609832083754267,0.4103210092426711,True,True,1,0.07,0.9884241842532838
94ab5d0641f23ba4a25f16830b4536cac4c4bdf8e916a83cc519ccf2e25a1189,4995,12092,bfc008b4298d8f31,1,0,Реал Сосьедад — Сельта,Испания. Ла Лига,MAPPED_EXACT,,X,False,True,,0.5346534653465347,0.24752475247524752,0.21782178217821782,0.528926959120019,0.2506998057898258,0.2203732350901552,False,False,2,0.28712871287128716,0.9214793661036127
94ab5d0641f23ba4a25f16830b4536cac4c4bdf8e916a83cc519ccf2e25a1189,4995,12092,bfc008b4298d8f31,2,1,Тулуза — Лилль,Франция. Лига 1,MAPPED_EXACT,,2,False,True,,0.23,0.28,0.49,0.23451872309102406,0.2802499465490418,0.4852313303599341,True,True,1,0.20999999999999996,0.9502873016892986
94ab5d0641f23ba4a25f16830b4536cac4c4bdf8e916a83cc519ccf2e25a1189,4995,12092,bfc008b4298d8f31,3,2,Локомотив Горна-Оряховица — Добруджа,Болгария. 2-я лига,MAPPED_EXACT,,1,False,True,,0.36363636363636365,0.30303030303030304,0.3333333333333333,0.3730858847514701,0.2993244690621263,0.32758964618640374,True,True,1,0.03030303030303033,0.9974889885321883
94ab5d0641f23ba4a25f16830b4536cac4c4bdf8e916a83cc519ccf2e25a1189,4995,12092,bfc008b4298d8f31,4,3,Грэмио РС — Интернациональ РС,Бразилия. Кубок,MAPPED_EXACT,,1,False,True,,0.34,0.34,0.32,0.34896995710209333,0.33652988749926444,0.31450015539864234,True,True,1,0.0,0.9996334026853013
94ab5d0641f23ba4a25f16830b4536cac4c4bdf8e916a83cc519ccf2e25a1189,4995,12092,bfc008b4298d8f31,5,4,ФК Копенгаген — Нордсьелланд,Дания. Суперлига,MAPPED_EXACT,,1,False,True,,0.44,0.25,0.31,0.44177978088235587,0.2452805446760591,0.312939674441585,True,True,1,0.13,0.9747494803238276
94ab5d0641f23ba4a25f16830b4536cac4c4bdf8e916a83cc519ccf2e25a1189,4995,12092,bfc008b4298d8f31,6,5,Новара — Ливорно,Италия. Кубок Серии C,MAPPED_EXACT,,X,False,True,,0.38613861386138615,0.297029702970297,0.31683168316831684,0.38365026702672783,0.29488756245622005,0.3214621705170521,False,False,3,0.06930693069306931,0.994132620538707
94ab5d0641f23ba4a25f16830b4536cac4c4bdf8e916a83cc519ccf2e25a1189,4995,12092,bfc008b4298d8f31,7,6,Хапоэль Тель-Авив — Бейтар Иерусалим,Израиль. Премьер Лига,MAPPED_EXACT,,1,False,True,,0.40404040404040403,0.2727272727272727,0.32323232323232326,0.4042632572949897,0.2719243119843519,0.3238124307206584,True,True,1,0.08080808080808077,0.9881202393640857
94ab5d0641f23ba4a25f16830b4536cac4c4bdf8e916a83cc519ccf2e25a1189,4995,12092,bfc008b4298d8f31,8,7,Омония Никосия — ФК Пафос,Кипр. Суперкубок,MAPPED_EXACT,,2,False,False,sports_history_missing,0.37,0.28,0.35,0.37,0.28,0.35,False,False,2,0.020000000000000018,0.9937459149150215
94ab5d0641f23ba4a25f16830b4536cac4c4bdf8e916a83cc519ccf2e25a1189,4995,12092,bfc008b4298d8f31,9,8,Ригас Футбола Скола — Рига ФК,Латвия. Кубок,MAPPED_EXACT,,2,False,False,sports_history_missing,0.36633663366336633,0.31683168316831684,0.31683168316831684,0.36633663366336633,0.31683168316831684,0.31683168316831684,False,False,2,0.04950495049504949,0.9978034440299066
94ab5d0641f23ba4a25f16830b4536cac4c4bdf8e916a83cc519ccf2e25a1189,4995,12092,bfc008b4298d8f31,10,9,Ракув — Гурник Забрже,Польша. Чемпионат,MAPPED_EXACT,,2,False,True,,0.37,0.27,0.36,0.37301113492427,0.26458087558326615,0.36240798949246383,False,False,2,0.010000000000000009,0.9914214485665588
94ab5d0641f23ba4a25f16830b4536cac4c4bdf8e916a83cc519ccf2e25a1189,4995,12092,bfc008b4298d8f31,11,10,Аль Фейха — Аль Хулуд,Саудовская Аравия. Чемпионат,MAPPED_EXACT,,X,False,True,,0.2871287128712871,0.27722772277227725,0.43564356435643564,0.2889511786314921,0.2770121242136824,0.4340366971548255,False,False,3,0.14851485148514854,0.9793590349663571
94ab5d0641f23ba4a25f16830b4536cac4c4bdf8e916a83cc519ccf2e25a1189,4995,12092,bfc008b4298d8f31,12,11,Бодрумспор — Эрокспор,Турция. 1-я Лига,MAPPED_EXACT,,X,False,True,,0.38,0.3,0.32,0.3754739256244051,0.30529682403771463,0.31922925033788024,False,False,3,0.06,0.9953399877068455
94ab5d0641f23ba4a25f16830b4536cac4c4bdf8e916a83cc519ccf2e25a1189,4995,12092,bfc008b4298d8f31,13,12,Базель — Сьон,Швейцария. Чемпионат,MAPPED_EXACT,,2,False,True,,0.34,0.25,0.41,0.33803828281141324,0.24968473401092597,0.41227698317766087,True,True,1,0.06999999999999995,0.982079042062056
94ab5d0641f23ba4a25f16830b4536cac4c4bdf8e916a83cc519ccf2e25a1189,4995,12092,bfc008b4298d8f31,14,13,Хиберниан — Хартс,Шотландия. Премьер-Лига,MAPPED_EXACT,,2,False,True,,0.38613861386138615,0.26732673267326734,0.3465346534653465,0.3927919055745112,0.25976200832564117,0.3474460860998476,False,False,2,0.03960396039603964,0.9897589012747218
94ab5d0641f23ba4a25f16830b4536cac4c4bdf8e916a83cc519ccf2e25a1189,4995,12092,bfc008b4298d8f31,15,14,Либертад Лоха — Эмелек,Эквадор. Серия A,MAPPED_EXACT,,X,False,True,,0.4158415841584158,0.3069306930693069,0.27722772277227725,0.4267357597529373,0.30022729776658397,0.2730369424804787,False,False,2,0.1089108910891089,0.985849632353398
